BHID,FE,X,Y,Z,PRED_FE
3245/100,3.0451168954093557,228746.491,172157.535,1005.800478515625,1.8350693871161163
3245/100,1.82,228746.491,172157.535,1005.1814355468749,2.0069153980504053
3245/100,1.3976166587790109,228746.491,172157.535,1004.5623925781249,2.0404156274783602
3245/100,1.2337624230951147,228746.491,172157.535,1003.943349609375,1.5380670630603785
3245/100,0.5616838618078619,228746.491,172157.535,1003.3243066406249,1.4615203171534255
3245/100,0.51,228746.491,172157.535,1002.705263671875,1.3570994042248183
3245/100,0.6728177946048204,228746.491,172157.535,1002.0862207031249,1.3062468679919181
3245/100,0.8701063259188986,228746.491,172157.535,1001.4671777343749,1.4850538383543221
3245/100,1.2047852973654887,228746.491,172157.535,1000.848134765625,1.6725859871546325
3245/100,1.53,228746.491,172157.535,1000.229091796875,1.642059227050105
3245/100,1.53,228746.491,172157.535,999.76978515625,1.6833360722691189
3245/101,35.09523899668732,228746.491,172057.152,1012.4004785156249,28.14693932349964
3245/101,44.24,228746.491,172057.152,1011.781435546875,27.187864267334277
3245/101,34.09812588736407,228746.491,172057.152,1011.1623925781249,28.313632766057495
3245/101,33.62467581637466,228746.491,172057.152,1010.5433496093749,27.831668050339058
3245/101,36.69,228746.491,172057.152,1009.9243066406249,25.826492878034646
3245/101,37.36971225745378,228746.491,172057.152,1009.305263671875,23.9557272313199
3245/101,38.75,228746.491,172057.152,1008.686220703125,21.339894122690026
3245/101,23.22880359678311,228746.491,172057.152,1008.0671777343749,20.291584234328273
3245/101,15.252938949361633,228746.491,172057.152,1007.4481347656249,16.789488659957645
3245/101,11.94,228746.491,172057.152,1006.829091796875,12.838841135639518
3245/101,6.247013724562829,228746.491,172057.152,1006.210048828125,11.62873112512416
3245/101,5.062544249881506,228746.491,172057.152,1005.591005859375,10.43927383169491
3245/101,6.58,228746.491,172057.152,1004.971962890625,7.598087467781461
3245/101,8.067278750591305,228746.491,172057.152,1004.3529199218749,5.767407843880751
3245/101,4.497193563654318,228746.491,172057.152,1003.733876953125,6.675139649837606
3245/101,2.69,228746.491,172057.152,1003.114833984375,7.65955233114623
3245/101,8.781490771414083,228746.491,172057.152,1002.495791015625,6.8774204025022865
3245/101,10.65,228746.491,172057.152,1001.876748046875,7.799998131685763
3245/101,13.957146237576238,228746.491,172057.152,1001.257705078125,8.886538344584809
3245/101,13.658581795236694,228746.491,172057.152,1000.638662109375,8.996742391081035
3245/101,9.96,228746.491,172057.152,1000.0196191406251,9.878973839705447
3245/101,11.454519640321168,228746.491,172057.152,999.400576171875,9.676682482220956
3245/101,13.4,228746.491,172057.152,998.781533203125,9.109558344413918
3245/101,14.919924278277003,228746.491,172057.152,998.162490234375,8.34843562319461
3245/101,13.010189304308032,228746.491,172057.152,997.543447265625,7.722035372879631
3245/101,7.965592364726552,228746.491,172057.152,996.9244042968751,7.414644145100917
3245/101,7.06,228746.491,172057.152,996.3053613281251,6.700178527312422
3245/101,7.65541883577738,228746.491,172057.152,995.686318359375,5.7889404090369725
3245/101,10.257010569492293,228746.491,172057.152,995.0672753906251,5.285384425751496
3245/101,4.69,228746.491,172057.152,994.448232421875,6.099239815872502
3245/101,5.8375847925535735,228746.491,172057.152,993.8291894531251,6.028464022321014
3245/101,6.316404795709167,228746.491,172057.152,993.2101464843751,5.236993491999804
3245/101,5.709507808803225,228746.491,172057.152,992.591103515625,5.446586816586581
3245/101,4.35,228746.491,172057.152,992.090791015625,5.630014737511405
3245/102,32.574185202713096,228721.933,172106.877,1004.110478515625,16.901842572374463
3245/102,28.4,228721.933,172106.877,1003.491435546875,17.51727704456793
3245/102,25.291943524215153,228721.933,172106.877,1002.8723925781251,17.591773617938866
3245/102,11.843156649314238,228721.933,172106.877,1002.2533496093749,19.18546048812252
3245/102,14.41848745858924,228721.933,172106.877,1001.634306640625,17.588637337107485
3245/102,22.0,228721.933,172106.877,1001.015263671875,14.891379290521403
3245/102,18.686663511595125,228721.933,172106.877,1000.396220703125,14.08250627022019
3245/102,14.76,228721.933,172106.877,999.7771777343751,11.68537208555272
3245/102,7.344647420729536,228721.933,172106.877,999.158134765625,10.48566751021946
3245/102,4.36,228721.933,172106.877,998.539091796875,10.968938778649244
3245/102,6.472412052373544,228721.933,172106.877,997.9200488281251,9.954178386186221
3245/102,14.46,228721.933,172106.877,997.301005859375,7.164966799931495
3245/102,14.140620287112895,228721.933,172106.877,996.6819628906251,6.003943098061472
3245/102,2.97208707998119,228721.933,172106.877,996.062919921875,6.188181429033449
3245/102,2.000057106799175,228721.933,172106.877,995.443876953125,4.502224738124789
3245/102,2.033084398170042,228721.933,172106.877,994.8248339843751,3.0652044004422185
3245/102,2.16,228721.933,172106.877,994.2057910156251,2.6414603760168895
3245/102,1.8408461902508975,228721.933,172106.877,993.5867480468751,2.5033021606706773
3245/102,1.63,228721.933,172106.877,992.9677050781252,2.4372211618461366
3245/102,1.63,228721.933,172106.877,992.544091796875,2.392469684933062
3245/103,33.61,228744.817,172032.163,1002.2104785156249,26.612915181768926
3245/103,36.22296734500681,228744.817,172032.163,1001.5914355468749,25.76796143089292
3245/103,34.732510806121184,228744.817,172032.163,1000.972392578125,25.25707884999048
3245/103,21.83,228744.817,172032.163,1000.3533496093748,24.664813306728238
3245/103,26.195535573434,228744.817,172032.163,999.7343066406249,16.82301514860803
3245/103,20.459069884841245,228744.817,172032.163,999.1152636718749,11.797304087620041
3245/103,5.584344533838449,228744.817,172032.163,998.4962207031249,13.629665185190582
3245/103,4.040098438238412,228744.817,172032.163,997.877177734375,12.462755581717298
3245/103,14.2,228744.817,172032.163,997.258134765625,8.524478445881803
3245/103,12.201687963401636,228744.817,172032.163,996.6390917968749,8.848156606354948
3245/103,9.45,228744.817,172032.163,996.020048828125,9.240311170311763
3245/103,7.040875532418847,228744.817,172032.163,995.4010058593749,9.476472294195386
3245/103,5.51,228744.817,172032.163,994.781962890625,9.70245596929396
3245/103,13.418685912603417,228744.817,172032.163,994.162919921875,7.934567286659945
3245/103,10.111616974287504,228744.817,172032.163,993.5438769531249,9.093252436577185
3245/103,7.811406215490492,228744.817,172032.163,992.924833984375,9.225465126308992
3245/103,9.61477362360094,228744.817,172032.163,992.305791015625,8.48352563130157
3245/103,4.71,228744.817,172032.163,991.7831347656249,9.54510659806127
3245/104,32.856407319766745,228721.825,172031.634,998.3054785156249,15.418279111411604
3245/104,37.53879318504501,228721.825,172031.634,997.6864355468749,15.124835987765962
3245/104,36.7,228721.825,172031.634,997.067392578125,14.717256998648455
3245/104,16.571131724247312,228721.825,172031.634,996.4483496093749,14.476633544891007
3245/104,14.994247988641591,228721.825,172031.634,995.829306640625,12.916166536205132
3245/104,16.79,228721.825,172031.634,995.2102636718749,10.901189321955759
3245/104,14.313158542357016,228721.825,172031.634,994.5912207031249,10.609795518883054
3245/104,13.170175106483898,228721.825,172031.634,993.972177734375,10.790779227142952
3245/104,10.86,228721.825,172031.634,993.353134765625,10.42974343673951
3245/104,11.025927117841906,228721.825,172031.634,992.734091796875,9.331544317098619
3245/104,11.13,228721.825,172031.634,992.115048828125,8.686663241648754
3245/104,6.344080454330838,228721.825,172031.634,991.4960058593749,9.86396314954797
3245/104,7.496248935162978,228721.825,172031.634,990.876962890625,8.751050697598435
3245/104,9.63,228721.825,172031.634,990.257919921875,7.546395588947602
3245/104,7.424822211705702,228721.825,172031.634,989.638876953125,8.524359193180166
3245/104,7.231973497396601,228721.825,172031.634,989.019833984375,8.205501817952396
3245/104,10.21,228721.825,172031.634,988.400791015625,7.059436247418272
3245/104,7.602964189936069,228721.825,172031.634,987.781748046875,6.990723833861249
3245/104,5.331417573749707,228721.825,172031.634,987.1627050781251,7.3774472878759845
3245/104,5.74,228721.825,172031.634,986.543662109375,6.626796326845151
3245/104,7.0870216122414105,228721.825,172031.634,985.924619140625,7.297084381256067
3245/104,5.99391102697408,228721.825,172031.634,985.305576171875,9.297355069141052
3245/104,16.6,228721.825,172031.634,984.686533203125,7.891929486263082
3245/104,16.6,228721.825,172031.634,984.301005859375,7.920144749145722
3245/105,21.27316201293572,228696.143,172105.358,1000.665478515625,13.329016446605996
3245/105,16.09,228696.143,172105.358,1000.0464355468748,14.282862523513469
3245/105,16.25634453383814,228696.143,172105.358,999.4273925781249,14.21042704392501
3245/105,16.9,228696.143,172105.358,998.8083496093749,12.928814883974596
3245/105,16.250707998107092,228696.143,172105.358,998.1893066406249,11.972733899890915
3245/105,13.69,228696.143,172105.358,997.570263671875,10.96692856290014
3245/105,10.888589682915386,228696.143,172105.358,996.9512207031249,9.612922341101982
3245/105,8.962583688278972,228696.143,172105.358,996.3321777343749,8.250826963861318
3245/105,6.94509417889269,228696.143,172105.358,995.713134765625,7.796460233460957
3245/105,6.44,228696.143,172105.358,995.0940917968749,7.4172844392995305
3245/105,7.059630856601933,228696.143,172105.358,994.475048828125,6.255224774636046
3245/105,7.24,228696.143,172105.358,993.8560058593749,5.135250198659231
3245/105,5.3419624546462074,228696.143,172105.358,993.2369628906249,4.420713817145761
3245/105,3.54,228696.143,172105.358,992.617919921875,4.131621184700869
3245/105,3.436315191670635,228696.143,172105.358,991.998876953125,3.735409005751128
3245/105,3.7466209181257293,228696.143,172105.358,991.379833984375,3.559654272642369
3245/105,4.59,228696.143,172105.358,990.760791015625,3.417452492689934
3245/105,3.8631957722039734,228696.143,172105.358,990.1417480468749,4.779040469630376
3245/105,3.5,228696.143,172105.358,989.522705078125,6.145988463365751
3245/105,20.699579744436654,228696.143,172105.358,988.903662109375,5.044362188449212
3245/105,12.708896355894044,228696.143,172105.358,988.284619140625,6.399392577204107
3245/105,8.81,228696.143,172105.358,987.665576171875,7.437564538106066
3245/105,6.733875374665247,228696.143,172105.358,987.046533203125,7.527069106980603
3245/105,6.28,228696.143,172105.358,986.6210058593749,7.4961820203945475
3245/107,13.065843192932645,228671.779,172106.674,996.1304785156249,7.215318406028638
3245/107,13.46,228671.779,172106.674,995.511435546875,6.944925390133321
3245/107,10.590843035179223,228671.779,172106.674,994.8923925781249,6.889553306038303
3245/107,4.45,228671.779,172106.674,994.2733496093749,5.393796775149293
3245/107,3.1050985959931494,228671.779,172106.674,993.654306640625,3.475249131260189
3245/107,1.6512705474050269,228671.779,172106.674,993.035263671875,2.633773048764686
3245/107,0.9938031235210054,228671.779,172106.674,992.416220703125,2.3132709068394526
3245/107,1.99,228671.779,172106.674,991.797177734375,2.0020812142461946
3245/107,2.3799353210285,228671.779,172106.674,991.1781347656249,2.029622561582576
3245/107,2.8577116264395555,228671.779,172106.674,990.559091796875,2.21715754087903
3245/107,1.6226086133460524,228671.779,172106.674,989.940048828125,2.782690954060564
3245/107,1.8879066098752362,228671.779,172106.674,989.321005859375,3.4106169846645784
3245/107,2.2122404164694993,228671.779,172106.674,988.701962890625,3.8363984528289095
3245/107,4.465976967975551,228671.779,172106.674,988.082919921875,3.761320832369223
3245/107,4.1026357615899505,228671.779,172106.674,987.5816992187499,3.7322555211268016
3245/108,11.706823789241124,228695.775,172030.428,994.8304785156249,6.805783802955556
3245/108,8.54,228695.775,172030.428,994.211435546875,7.455353502888412
3245/108,3.6810127780407482,228695.775,172030.428,993.5923925781249,8.971989519752174
3245/108,3.8504022716516113,228695.775,172030.428,992.973349609375,9.314529202940683
3245/108,9.150078561287117,228695.775,172030.428,992.3543066406249,8.46266694992825
3245/108,14.5,228695.775,172030.428,991.7352636718749,9.456468195314265
3245/108,12.31481811011228,228695.775,172030.428,991.116220703125,11.833038483905582
3245/108,10.04,228695.775,172030.428,990.497177734375,13.382629527865479
3245/108,12.333221012777734,228695.775,172030.428,989.878134765625,12.04796858750597
3245/108,14.08,228695.775,172030.428,989.259091796875,10.85163351847933
3245/108,10.374289635589651,228695.775,172030.428,988.6400488281249,12.91013777060844
3245/108,8.228565073355398,228695.775,172030.428,988.021005859375,14.240423183169003
3245/108,18.523571225744206,228695.775,172030.428,987.401962890625,12.186777221162204
3245/108,15.74380785612931,228695.775,172030.428,986.782919921875,12.740008393638325
3245/108,14.39,228695.775,172030.428,986.39169921875,13.016929823450743
3245/109,12.03,228671.369,172031.197,1000.385478515625,12.585223030544242
3245/109,12.725958353052366,228671.369,172031.197,999.7664355468751,12.468135488196715
3245/109,13.456983751380696,228671.369,172031.197,999.1473925781249,12.189359905149068
3245/109,11.1778892569801,228671.369,172031.197,998.528349609375,12.127468425193069
3245/109,17.96,228671.369,172031.197,997.909306640625,7.546515698212202
3245/109,11.105434926646033,228671.369,172031.197,997.290263671875,7.4201371953894775
3245/109,1.4184098438231638,228671.369,172031.197,996.6712207031251,10.331091223614253
3245/109,8.797573749802737,228671.369,172031.197,996.052177734375,7.298190745616333
3245/109,9.23,228671.369,172031.197,995.433134765625,7.979984846319887
3245/109,14.007198296260563,228671.369,172031.197,994.8140917968751,11.490946462534836
3245/109,15.857725193247717,228671.369,172031.197,994.195048828125,12.740720488723094
3245/109,18.64,228671.369,172031.197,993.5760058593751,13.33164165479431
3245/109,18.02241047483846,228671.369,172031.197,992.956962890625,13.732729952768503
3245/109,15.644937687332838,228671.369,172031.197,992.337919921875,15.200674679245342
3245/109,14.63752926329019,228671.369,172031.197,991.7188769531251,15.832990950585597
3245/109,17.65,228671.369,172031.197,991.0998339843751,13.881938654692034
3245/109,16.222338854710483,228671.369,172031.197,990.4807910156251,14.013010950225208
3245/109,9.13,228671.369,172031.197,990.083134765625,15.683915248026825
3245/110,8.308073828679342,228646.374,172105.679,995.575478515625,4.389362927190647
3245/110,13.84,228646.374,172105.679,994.9564355468751,3.9150505256702326
3245/110,10.918468212652446,228646.374,172105.679,994.3373925781251,3.742775568861741
3245/110,2.33,228646.374,172105.679,993.7183496093751,3.3498612046644807
3245/110,1.643109323237169,228646.374,172105.679,993.0993066406252,2.3668806057661875
3245/110,1.33,228646.374,172105.679,992.4802636718752,1.574331306000154
3245/110,1.5174049534627296,228646.374,172105.679,991.8612207031251,1.3524843730015532
3245/110,0.97,228646.374,172105.679,991.2421777343752,1.6160660423302886
3245/110,1.2329345322605307,228646.374,172105.679,990.6231347656251,1.8886424694595974
3245/110,2.966761949834135,228646.374,172105.679,990.0040917968752,1.7317631757272123
3245/110,3.9245811642216797,228646.374,172105.679,989.3850488281252,2.579463796409795
3245/110,2.18,228646.374,172105.679,988.7660058593751,4.204526383439393
3245/110,10.859138665403584,228646.374,172105.679,988.1469628906252,3.783891728716134
3245/110,9.449380659410243,228646.374,172105.679,987.5279199218752,4.348286291556636
3245/110,7.770852815901829,228646.374,172105.679,986.9088769531252,4.806679529800801
3245/110,6.89288973024204,228646.374,172105.679,986.2898339843753,4.085240094375748
3245/110,2.73,228646.374,172105.679,985.6707910156251,4.2604244301903735
3245/110,2.8916362202239636,228646.374,172105.679,985.0517480468752,3.7959135896426535
3245/110,3.04,228646.374,172105.679,984.4327050781252,3.8808749317398545
3245/110,3.04,228646.374,172105.679,984.0390917968751,3.8924338027928966
3245/112,0.71,228621.0938,172106.0469,988.245458515625,1.983075878468647
3245/112,0.7606344849345295,228621.0938,172106.0469,987.626415546875,1.9871911478959228
3245/112,1.1319892727559515,228621.0938,172106.0469,987.0073725781251,2.019172542593626
3245/112,1.52,228621.0938,172106.0469,986.3883296093751,2.2348692460541852
3245/112,2.3923511594888534,228621.0938,172106.0469,985.7692866406251,2.6008415540246386
3245/112,2.901233317557935,228621.0938,172106.0469,985.1502436718752,2.800985183258827
3245/112,4.8,228621.0938,172106.0469,984.531200703125,2.775789375531554
3245/112,3.8746679286954944,228621.0938,172106.0469,983.9121577343751,2.801877274747191
3245/112,2.4901552295314966,228621.0938,172106.0469,983.2931147656251,2.799715848241092
3245/112,2.05,228621.0938,172106.0469,982.6740717968751,2.4293902004165235
3245/112,1.741715097018494,228621.0938,172106.0469,982.0550288281252,2.0480880305606783
3245/112,1.56,228621.0938,172106.0469,981.4359858593751,1.9119579107714282
3245/112,1.0790903928064888,228621.0938,172106.0469,980.8169428906251,1.8361394891937906
3245/112,1.2907445969395601,228621.0938,172106.0469,980.1978999218752,1.5609927579774867
3245/112,1.2303303360151998,228621.0938,172106.0469,979.5788569531251,1.4427470966758587
3245/112,0.84,228621.0938,172106.0469,978.9598139843752,1.4623574048662271
3245/112,1.1221587001103819,228621.0938,172106.0469,978.3407710156251,1.3526814581143336
3245/112,1.1656949045590814,228621.0938,172106.0469,977.7217280468751,1.2306618404623078
3245/112,0.9979334279855877,228621.0938,172106.0469,977.1026850781252,1.2483961371520045
3245/112,0.54,228621.0938,172106.0469,976.6190717968751,1.3793164792015706
3245/114,19.34,228671.6094,172055.7031,1006.050439515625,20.49489288615107
3245/114,22.940425934689614,228671.6094,172055.7031,1005.431396546875,19.86688172531854
3245/114,31.19,228671.6094,172055.7031,1004.8123535781251,18.75703051753183
3245/114,26.8201915128572,228671.6094,172055.7031,1004.193310609375,18.037319407883956
3245/114,24.206620287111914,228671.6094,172055.7031,1003.5742676406251,16.224146068421916
3245/114,13.45,228671.6094,172055.7031,1002.955224671875,14.598983882621097
3245/114,11.953506862281372,228671.6094,172055.7031,1002.336181703125,11.83792200063392
3245/114,10.18,228671.6094,172055.7031,1001.7171387343751,10.674085924967185
3245/114,8.450768890992398,228671.6094,172055.7031,1001.0980957656251,11.712358535097719
3245/114,11.97149645054338,228671.6094,172055.7031,1000.4790527968751,12.273137937230137
3245/114,18.43,228671.6094,172055.7031,999.8600098281252,13.181758951152409
3245/114,21.413890203501527,228671.6094,172055.7031,999.240966859375,15.37563328580325
3245/114,23.31,228671.6094,172055.7031,998.6219238906251,16.3178136548783
3245/114,26.170849976336545,228671.6094,172055.7031,998.0028809218751,16.03647403454625
3245/114,22.62389966871811,228671.6094,172055.7031,997.3838379531251,16.226935583113175
3245/114,22.4,228671.6094,172055.7031,996.7647949843752,16.289152516038193
3245/114,20.99191670610537,228671.6094,172055.7031,996.1457520156251,17.113859151108148
3245/114,22.32908408266127,228671.6094,172055.7031,995.5267090468751,17.29670909446254
3245/114,29.48,228671.6094,172055.7031,994.9076660781252,15.979763709453767
3245/114,22.531461744757017,228671.6094,172055.7031,994.2886231093751,13.932345142339658
3245/114,17.56,228671.6094,172055.7031,993.6695801406252,11.548036303238613
3245/114,8.773667770943815,228671.6094,172055.7031,993.0505371718751,10.646348434193081
3245/114,8.211563653572878,228671.6094,172055.7031,992.4314942031251,9.763177774395945
3245/114,9.11,228671.6094,172055.7031,991.8124512343752,9.380738085802374
3245/114,10.89221517589472,228671.6094,172055.7031,991.1934082656252,10.51359693775008
3245/114,12.092598201607494,228671.6094,172055.7031,990.5743652968752,11.34270100562954
3245/114,17.85,228671.6094,172055.7031,989.9553223281252,11.036811576530134
3245/114,13.080076668245901,228671.6094,172055.7031,989.3362793593751,11.616137786498289
3245/114,11.61,228671.6094,172055.7031,988.7633594375001,11.743964886258263
3245/115,3.59,228595.9688,172105.8125,983.465424515625,2.4125032796893633
3245/115,2.3678987221959473,228595.9688,172105.8125,982.8463815468751,2.6596034987332295
3245/115,2.310088026502589,228595.9688,172105.8125,982.2273385781251,2.6712163668459437
3245/115,2.669587001104257,228595.9688,172105.8125,981.6082956093751,2.6476601796787587
3245/115,3.397750118315117,228595.9688,172105.8125,980.9892526406252,2.3689685649522723
3245/115,3.87,228595.9688,172105.8125,980.370209671875,2.0696979439969376
3245/115,1.6341662722829062,228595.9688,172105.8125,979.7511667031251,2.2703153571557064
3245/115,1.3120984382394199,228595.9688,172105.8125,979.1321237343751,1.932430522884737
3245/115,1.81,228595.9688,172105.8125,978.5130807656251,1.5537884445846077
3245/115,1.2099204921912647,228595.9688,172105.8125,977.8940377968752,1.7951840335062603
3245/115,1.8369020350211682,228595.9688,172105.8125,977.2749948281252,1.6712575676282229
3245/115,2.23,228595.9688,172105.8125,976.9052096718751,1.6010029606631457
3245/116,25.501731187884,228646.1094,172055.3281,1004.365507515625,18.007104330144386
3245/116,36.71,228646.1094,172055.3281,1003.746464546875,16.785000580685523
3245/116,25.627766209181843,228646.1094,172055.3281,1003.127421578125,17.65169936353251
3245/116,21.960421833096994,228646.1094,172055.3281,1002.5083786093751,16.596958650462813
3245/116,17.85,228646.1094,172055.3281,1001.8893356406251,15.31703889133371
3245/116,16.50002555608162,228646.1094,172055.3281,1001.270292671875,16.042521385672327
3245/116,19.679181258872088,228646.1094,172055.3281,1000.6512497031251,15.959670226509235
3245/116,32.71,228646.1094,172055.3281,1000.032206734375,14.64268506099674
3245/116,25.91952011358323,228646.1094,172055.3281,999.4131637656251,14.582813056503856
3245/116,18.304146710838488,228646.1094,172055.3281,998.7941207968751,14.186949248000467
3245/116,13.077504022716917,228646.1094,172055.3281,998.175077828125,12.38412780763219
3245/116,11.85,228646.1094,172055.3281,997.5560348593751,10.680338880925456
3245/116,11.278842088657633,228646.1094,172055.3281,996.9369918906251,10.795666096113267
3245/116,14.857980754060895,228646.1094,172055.3281,996.3179489218751,11.058250544745269
3245/116,19.56,228646.1094,172055.3281,995.6989059531252,11.657936926547844
3245/116,22.864102224324906,228646.1094,172055.3281,995.079862984375,13.242680355896615
3245/116,20.595375926803122,228646.1094,172055.3281,994.4608200156251,14.06411398124394
3245/116,18.36,228646.1094,172055.3281,993.8417770468751,14.159727440766877
3245/116,17.047567439659467,228646.1094,172055.3281,993.2227340781251,13.50405802180639
3245/116,16.621524846190475,228646.1094,172055.3281,992.6036911093752,13.61039082163815
3245/116,16.042723142450335,228646.1094,172055.3281,991.9846481406252,14.039288679727662
3245/116,21.81,228646.1094,172055.3281,991.3656051718751,13.70758958065071
3245/116,21.401520429090024,228646.1094,172055.3281,990.7465622031252,14.08513750816799
3245/116,20.65,228646.1094,172055.3281,990.1275192343751,14.794908484461196
3245/116,20.83832781195764,228646.1094,172055.3281,989.5084762656252,14.86829671785939
3245/116,20.83863132986404,228646.1094,172055.3281,988.8894332968752,13.852784774971154
3245/116,15.99,228646.1094,172055.3281,988.2703903281251,11.744129152467028
3245/116,13.40626881211825,228646.1094,172055.3281,987.6513473593752,9.86096862114477
3245/116,5.55,228646.1094,172055.3281,987.0323043906252,9.135371207078698
3245/116,6.972398485564774,228646.1094,172055.3281,986.4132614218752,7.445777084642051
3245/116,8.09995740653153,228646.1094,172055.3281,985.7942184531253,6.4997711435940255
3245/116,6.33,228646.1094,172055.3281,985.1751754843751,7.456919688818445
3245/116,6.997976021453459,228646.1094,172055.3281,984.5561325156252,7.698186422432139
3245/116,9.55,228646.1094,172055.3281,983.9370895468752,7.408864332872989
3245/116,9.255330809276165,228646.1094,172055.3281,983.3180465781252,7.36235618111033
3245/116,8.81,228646.1094,172055.3281,982.6990036093753,7.512518119281353
3245/116,5.889300836095196,228646.1094,172055.3281,982.0799606406252,7.7771116688502
3245/116,7.718559709732608,228646.1094,172055.3281,981.4609176718752,7.397881851859109
3245/116,7.63,228646.1094,172055.3281,980.8418747031253,7.717549314804042
3245/116,9.286034074774037,228646.1094,172055.3281,980.2228317343752,7.68651662645518
3245/116,10.63,228646.1094,172055.3281,979.6037887656253,7.496023050450901
3245/116,7.00947941315806,228646.1094,172055.3281,978.9847457968752,8.504324970486666
3245/116,7.775698059629607,228646.1094,172055.3281,978.3657028281252,9.863006457486604
3245/116,9.93,228646.1094,172055.3281,977.7466598593753,11.351976287766952
3245/116,23.502939895874317,228646.1094,172055.3281,977.1276168906253,10.301474613008963
3245/116,27.834364410799882,228646.1094,172055.3281,976.5085739218753,11.724457821202655
3245/116,9.39508345164335,228646.1094,172055.3281,975.8895309531254,15.846005464215335
3245/116,18.51,228646.1094,172055.3281,975.2704879843752,12.538807547767322
3245/116,16.207813535259678,228646.1094,172055.3281,974.6514450156253,7.893066000263742
3245/116,13.713407477526088,228646.1094,172055.3281,974.0324020468753,7.7861534927451785
3245/116,2.01,228646.1094,172055.3281,973.5639547812502,11.86749917345687
3245/117,0.65,228596.6406,172057.1875,994.755444515625,4.022879992188606
3245/117,3.3272607666824086,228596.6406,172057.1875,994.136401546875,3.0334012856105277
3245/117,2.04,228596.6406,172057.1875,993.517358578125,3.524821964866109
3245/117,2.7048442972077553,228596.6406,172057.1875,992.898315609375,5.528708646376199
3245/117,19.740119261713183,228596.6406,172057.1875,992.2792726406251,3.9299197128275276
3245/117,11.867742309924537,228596.6406,172057.1875,991.717358578125,4.400622821769642
3245/118,8.5,228646.9531,172155.9688,994.185458515625,4.942130349072745
3245/118,7.928003786086115,228646.9531,172155.9688,993.5664155468751,4.888529639405919
3245/118,4.89,228646.9531,172155.9688,992.947372578125,5.113562087381902
3245/118,4.477967818267868,228646.9531,172155.9688,992.328329609375,4.119738229488943
3245/118,3.9542956302255874,228646.9531,172155.9688,991.7092866406251,3.5667049842603866
3245/118,4.16,228646.9531,172155.9688,991.0902436718751,3.4684016154910964
3245/118,3.904431613819204,228646.9531,172155.9688,990.4712007031251,3.3948010297336246
3245/118,4.3975769048746205,228646.9531,172155.9688,989.8521577343752,3.24715581891191
3245/118,3.6898012304780323,228646.9531,172155.9688,989.233114765625,3.4420026204754643
3245/118,2.71,228646.9531,172155.9688,988.6140717968751,3.694131816722784
3245/118,4.281080927590965,228646.9531,172155.9688,987.9950288281251,3.2171104802271255
3245/118,4.256287742546184,228646.9531,172155.9688,987.3759858593751,2.859114103050741
3245/118,2.6790115160122174,228646.9531,172155.9688,986.7569428906252,2.906522465237556
3245/118,1.9557731503391411,228646.9531,172155.9688,986.1378999218751,2.904994022700606
3245/118,2.15,228646.9531,172155.9688,985.5188569531251,2.673801773018149
3245/118,3.4427212494082102,228646.9531,172155.9688,984.8998139843752,2.5351034449698715
3245/118,4.616659725508609,228646.9531,172155.9688,984.2807710156251,2.634215800567035
3245/118,5.05,228646.9531,172155.9688,983.6617280468752,2.860224194840692
3245/118,3.6582669190726524,228646.9531,172155.9688,983.0426850781251,2.9206166552876605
3245/118,3.5756633538412714,228646.9531,172155.9688,982.4236421093751,2.4359483835647002
3245/118,2.157738760057163,228646.9531,172155.9688,981.8045991406252,2.2055772799828284
3245/118,1.3939469947941576,228646.9531,172155.9688,981.1855561718752,2.314400667385041
3245/118,1.8070418047007417,228646.9531,172155.9688,980.5665132031252,2.222046886086209
3245/118,3.23,228646.9531,172155.9688,980.0959858593751,1.9659300964490765
3245/119,18.81,228796.5313,172106.4063,1016.135507515625,24.10983087334184
3245/119,29.824680548982336,228796.5313,172106.4063,1015.516464546875,21.669153242280778
3245/119,30.247592364726717,228796.5313,172106.4063,1014.897421578125,21.430249955963113
3245/119,23.4,228796.5313,172106.4063,1014.2783786093751,23.624636907344907
3245/119,23.89748288373556,228796.5313,172106.4063,1013.659335640625,20.783730070021573
3245/119,23.951530525319846,228796.5313,172106.4063,1013.040292671875,18.266991962919892
3245/119,18.84,228796.5313,172106.4063,1012.4212497031251,16.49029000307297
3245/119,16.665951096388117,228796.5313,172106.4063,1011.8022067343751,14.301234403161798
3245/119,10.55,228796.5313,172106.4063,1011.1831637656251,12.667237475467052
3245/119,11.3260567912919,228796.5313,172106.4063,1010.564120796875,9.295693324729998
3245/119,8.784989115003038,228796.5313,172106.4063,1009.945077828125,9.332101120482148
3245/119,5.25,228796.5313,172106.4063,1009.5952926718751,10.439437522576535
3245/120,11.09,228697.0469,172155.5156,998.6855375156249,12.162034921391788
3245/120,10.59850607351319,228697.0469,172155.5156,998.066494546875,12.403565220054231
3245/120,13.641223852342106,228697.0469,172155.5156,997.4474515781249,12.046954489575729
3245/120,21.03,228697.0469,172155.5156,996.828408609375,11.302678182912722
3245/120,14.822284587474664,228697.0469,172155.5156,996.2093656406249,11.145202411374854
3245/120,12.713038334122373,228697.0469,172155.5156,995.5903226718749,9.963807554011067
3245/120,7.69,228697.0469,172155.5156,994.971279703125,8.796024298356762
3245/120,8.207588263132983,228697.0469,172155.5156,994.352236734375,6.034755638373774
3245/120,7.842026818110619,228697.0469,172155.5156,993.733193765625,4.548279361732836
3245/120,2.455957722038074,228697.0469,172155.5156,993.114150796875,4.570776762966489
3245/120,3.09,228697.0469,172155.5156,992.4951078281249,2.9759807940136764
3245/120,2.493054109481071,228697.0469,172155.5156,991.876064859375,2.12632549790593
3245/120,1.443368670137436,228697.0469,172155.5156,991.257021890625,2.4211905894976344
3245/120,1.3502991008043004,228697.0469,172155.5156,990.637978921875,2.337334753479464
3245/120,2.89,228697.0469,172155.5156,990.018935953125,1.9837100834789023
3245/120,2.4265527685755766,228697.0469,172155.5156,989.399892984375,2.058560913426086
3245/120,2.1989493610980912,228697.0469,172155.5156,988.780850015625,2.3911738699921634
3245/120,1.42,228697.0469,172155.5156,988.1618070468751,3.069173711882989
3245/120,2.7207941315657944,228697.0469,172155.5156,987.542764078125,3.5004024236726288
3245/120,6.27269001419724,228697.0469,172155.5156,986.923721109375,2.9021919014641093
3245/120,8.95,228697.0469,172155.5156,986.304678140625,2.7996761790023124
3245/120,2.0224543303375166,228697.0469,172155.5156,985.685635171875,3.319778778934274
3245/120,1.9441987695219363,228697.0469,172155.5156,985.0665922031251,2.2856746274104234
3245/120,1.4546597255090783,228697.0469,172155.5156,984.4475492343751,1.6532062203854574
3245/120,0.8804757848239408,228697.0469,172155.5156,983.828506265625,1.8470952917527548
3245/120,1.4,228697.0469,172155.5156,983.2094632968751,1.9026499420815575
3245/120,2.1695081243095022,228697.0469,172155.5156,982.590420328125,2.1351654190940206
3245/120,3.2224931377185513,228697.0469,172155.5156,981.9713773593751,1.966469187502621
3245/120,4.01,228697.0469,172155.5156,981.5484574375,1.8401592727873597
3245/121,36.15,228846.7656,172106.8906,1029.660454515625,12.302764387070171
3245/121,9.768118315192647,228846.7656,172106.8906,1029.041411546875,16.790864783669996
3245/121,12.236740179838758,228846.7656,172106.8906,1028.422368578125,15.87325768118907
3245/121,19.272512383655993,228846.7656,172106.8906,1027.803325609375,11.403535736872099
3245/121,19.012158069096984,228846.7656,172106.8906,1027.184282640625,9.356151416292198
3245/121,10.53,228846.7656,172106.8906,1026.565239671875,8.159773786223635
3245/121,3.660836409528821,228846.7656,172106.8906,1025.946196703125,6.16252172529627
3245/121,3.59,228846.7656,172106.8906,1025.327153734375,4.1094891423653435
3245/121,1.4525830572647642,228846.7656,172106.8906,1024.708110765625,4.2102534758211885
3245/121,2.4313601514432817,228846.7656,172106.8906,1024.089067796875,4.336118276020754
3245/121,4.837958353052156,228846.7656,172106.8906,1023.470024828125,3.99827097112676
3245/121,6.55,228846.7656,172106.8906,1022.850981859375,3.887092235107451
3245/123,12.517467739391046,228697.2656,172205.7344,993.385419515625,2.2073037338144577
3245/123,3.377778829468377,228697.2656,172205.7344,992.7663765468751,2.958667235957394
3245/123,2.356493137718939,228697.2656,172205.7344,992.1473335781251,2.969960749857332
3245/123,1.3469616658778374,228697.2656,172205.7344,991.5282906093751,2.2696763711110917
3245/123,2.55,228697.2656,172205.7344,990.9092476406252,1.6529760307485546
3245/123,1.8426537308724333,228697.2656,172205.7344,990.2902046718751,1.6332957083735344
3245/123,1.2486133459536186,228697.2656,172205.7344,989.6711617031251,1.9407952590496156
3245/123,1.28,228697.2656,172205.7344,989.0521187343752,1.5937866055537695
3245/123,1.6012588736393802,228697.2656,172205.7344,988.4330757656251,1.3446793727862811
3245/123,0.9,228697.2656,172205.7344,987.8140327968752,1.3501085545584384
3245/123,0.9693768733238594,228697.2656,172205.7344,987.1949898281251,1.2288540554321399
3245/123,0.7296204448651652,228697.2656,172205.7344,986.5759468593751,1.1193035677302339
3245/123,0.8061858337276888,228697.2656,172205.7344,985.9569038906252,1.0455376020861027
3245/123,0.7427890834516749,228697.2656,172205.7344,985.3378609218752,1.0897391494717192
3245/123,0.7,228697.2656,172205.7344,984.7188179531252,1.1782961057225436
3245/123,1.2254986590944128,228697.2656,172205.7344,984.0997749843752,1.1377586057508418
3245/123,1.2219094494399965,228697.2656,172205.7344,983.4807320156251,1.1591881065199576
3245/123,1.18,228697.2656,172205.7344,983.0180757656251,1.1971444157153677
3245/124,37.11,228796.5156,172056.3594,1023.485424515625,31.9749928106542
3245/124,37.9253588894147,228796.5156,172056.3594,1022.8663815468751,31.720953974332097
3245/124,36.893535257927205,228796.5156,172056.3594,1022.2473385781251,31.58422235443104
3245/124,32.869860230320654,228796.5156,172056.3594,1021.6282956093751,26.594482237214862
3245/124,20.31,228796.5156,172056.3594,1021.009252640625,22.926429416666835
3245/124,15.268556239154671,228796.5156,172056.3594,1020.3902096718751,18.943531279420153
3245/124,12.003129831203724,228796.5156,172056.3594,1019.7711667031251,15.900444212034444
3245/124,11.5,228796.5156,172056.3594,1019.1521237343751,14.048589319728464
3245/124,11.199465530840847,228796.5156,172056.3594,1018.5330807656251,12.96339322712193
3245/124,10.899182205395256,228796.5156,172056.3594,1017.9140377968752,12.010672324916184
3245/124,10.16,228796.5156,172056.3594,1017.2949948281251,11.042157850515501
3245/124,8.152554030604497,228796.5156,172056.3594,1016.6759518593751,11.834432593449872
3245/124,7.26,228796.5156,172056.3594,1016.0569088906251,11.358073541282304
3245/124,12.584359678182047,228796.5156,172056.3594,1015.4378659218752,8.193893288073689
3245/124,7.83218330967144,228796.5156,172056.3594,1014.8188229531252,8.21886908112108
3245/124,3.79,228796.5156,172056.3594,1014.1997799843751,8.279784530740104
3245/124,5.202874270389404,228796.5156,172056.3594,1013.5807370156251,6.683556986282217
3245/124,3.6414254614297104,228796.5156,172056.3594,1012.9616940468752,7.404824417831744
3245/124,6.457885155386249,228796.5156,172056.3594,1012.3426510781252,6.610714183247695
3245/124,8.63,228796.5156,172056.3594,1011.7236081093752,5.226546341732778
3245/124,3.875433033602823,228796.5156,172056.3594,1011.1045651406251,5.616147489083293
3245/124,2.192847136772159,228796.5156,172056.3594,1010.4855221718752,4.990201174625855
3245/124,2.2796024609560184,228796.5156,172056.3594,1009.8664792031252,3.896347400000355
3245/124,2.18,228796.5156,172056.3594,1009.2474362343752,4.359390258375
3245/124,2.757654204132867,228796.5156,172056.3594,1008.6283932656252,6.656101433642014
3245/124,6.5383798706372565,228796.5156,172056.3594,1008.0093502968753,8.373146892114896
3245/124,23.66,228796.5156,172056.3594,1007.3903073281252,9.275248104198862
3245/124,17.62776778671939,228796.5156,172056.3594,1006.7712643593752,12.077555740345915
3245/124,15.04,228796.5156,172056.3594,1006.1522213906253,12.006946205423478
3245/124,8.228450544251979,228796.5156,172056.3594,1005.5331784218752,9.255847798993706
3245/124,6.223077772520266,228796.5156,172056.3594,1004.9141354531253,6.524902754250922
3245/124,3.91,228796.5156,172056.3594,1004.2950924843752,4.91396802846052
3245/124,2.622484303518276,228796.5156,172056.3594,1003.6760495156252,5.261020037812408
3245/124,2.6,228796.5156,172056.3594,1003.2157370156251,5.287469898536676
3245/126,1.15,228649.8906,172206.3594,993.751479515625,1.594067979371661
3245/126,1.439489824893515,228649.8906,172206.3594,993.1324365468749,1.4130604918204166
3245/126,1.4209809118157455,228649.8906,172206.3594,992.513393578125,1.322577093087609
3245/126,1.27,228649.8906,172206.3594,991.8943506093749,1.5222435948616178
3245/126,0.7631538097491822,228649.8906,172206.3594,991.275307640625,1.8891271623145758
3245/126,3.124225272124886,228649.8906,172206.3594,990.656264671875,1.899347158893253
3245/126,2.3,228649.8906,172206.3594,990.0372217031249,2.9147354685406466
3245/126,4.800356523110511,228649.8906,172206.3594,989.418178734375,3.234093735225101
3245/126,8.2,228649.8906,172206.3594,988.799135765625,2.7406196011909008
3245/126,3.681085975706398,228649.8906,172206.3594,988.180092796875,3.0985344044872996
3245/126,2.4071755797445173,228649.8906,172206.3594,987.5610498281251,3.430367865891607
3245/126,1.9740637324493864,228649.8906,172206.3594,986.9420068593749,3.4828371159782394
3245/126,6.2,228649.8906,172206.3594,986.3417431875,2.656205351349045
3245/128,0.75,228696.5781,172255.4844,996.3634325156249,0.5973798053806834
3245/128,0.44378892569806455,228696.5781,172255.4844,995.7443895468749,0.6613415876303166
3245/128,0.34613219750748514,228696.5781,172255.4844,995.1253465781249,0.678044342761603
3245/128,0.6,228696.5781,172255.4844,994.506303609375,0.47626685510424704
3245/128,0.3810452752800311,228696.5781,172255.4844,993.887260640625,0.4478000580291066
3245/128,0.17,228696.5781,172255.4844,993.2682176718749,0.4393246060760885
3245/128,0.14469474680549363,228696.5781,172255.4844,992.649174703125,0.398426390322578
3245/128,0.12,228696.5781,172255.4844,992.0301317343749,0.5057989351927825
3245/128,0.3792225903138171,228696.5781,172255.4844,991.411088765625,0.58891434952523
3245/128,1.0949487300836522,228696.5781,172255.4844,990.792045796875,0.4656680231194996
3245/128,0.83,228696.5781,172255.4844,990.2127391562499,0.5422404543840909
3245/130,1.623105537150964,228545.5781,172107.9688,986.5234865156251,1.2730181136123138
3245/130,1.5575532418362912,228545.5781,172107.9688,985.9044435468751,1.2835428730913692
3245/130,0.75,228545.5781,172107.9688,985.2854005781251,1.6149671302463138
3245/131,3.08,228796.8438,172156.375,1019.3455325156249,3.591235330333247
3245/131,13.561981385076455,228796.8438,172156.375,1018.726489546875,2.4930854018666366
3245/131,3.7532812746492605,228796.8438,172156.375,1018.107446578125,3.2206950135280925
3245/131,1.4208597570594814,228796.8438,172156.375,1017.4884036093749,3.1013949371437652
3245/131,1.2097113109323394,228796.8438,172156.375,1016.8693606406249,1.7791370570158556
3245/131,0.9467360782457855,228796.8438,172156.375,1016.250317671875,1.3691486352735747
3245/131,0.74,228796.8438,172156.375,1015.631274703125,1.3140010541990303
3245/131,0.8569900615238883,228796.8438,172156.375,1015.012231734375,1.2856849960624657
3245/131,0.9243839722353677,228796.8438,172156.375,1014.3931887656249,1.5290809993078232
3245/131,1.2314671083766284,228796.8438,172156.375,1013.774145796875,1.9917976247504439
3245/131,2.3110405426722056,228796.8438,172156.375,1013.155102828125,2.335594197274569
3245/131,3.69,228796.8438,172156.375,1012.536059859375,2.1784502748414054
3245/131,3.69,228796.8438,172156.375,1012.1057961875,2.183750770647105
3245/132,1.74,228846.4375,172156.6875,1028.405468515625,2.2730789616736553
3245/132,1.74,228846.4375,172156.6875,1027.786425546875,2.2293183774270537
3245/132,1.0927023189777691,228846.4375,172156.6875,1027.167382578125,2.3696082308944044
3245/132,1.7225354156806927,228846.4375,172156.6875,1026.548339609375,2.4884320787962055
3245/132,2.379167061050561,228846.4375,172156.6875,1025.9292966406251,2.5646084031001117
3245/132,3.86,228846.4375,172156.6875,1025.310253671875,2.727446963934498
3245/132,3.34779081874116,228846.4375,172156.6875,1024.691210703125,3.1797558791655094
3245/132,2.991211547562731,228846.4375,172156.6875,1024.0721677343752,4.661058688659531
3245/132,3.1518643319126167,228846.4375,172156.6875,1023.453124765625,5.064817130594613
3245/132,14.146985328917248,228846.4375,172156.6875,1022.8340817968751,3.866152498432908
3245/132,5.76014765735953,228846.4375,172156.6875,1022.2150388281251,5.248156163001232
3245/132,3.9794415522950604,228846.4375,172156.6875,1021.5959958593751,5.278452735164854
3245/132,5.439193879161077,228846.4375,172156.6875,1020.9769528906251,3.0804908604704835
3245/132,2.266478939896069,228846.4375,172156.6875,1020.3579099218751,2.7005991996766916
3245/132,1.240785612872713,228846.4375,172156.6875,1019.7388669531251,2.240932386576616
3245/132,1.16,228846.4375,172156.6875,1019.1198239843751,2.192263653495039
3245/132,0.8286550365785581,228846.4375,172156.6875,1018.5326462500001,2.3293560961605912
3245/133,2.46,228596.9063,172158.0781,989.3584475156251,2.102183097948019
3245/133,2.539213125098596,228596.9063,172158.0781,988.7394045468751,2.1068275316815295
3245/133,2.65,228596.9063,172158.0781,988.1203615781251,2.080957276867801
3245/133,2.150015775358909,228596.9063,172158.0781,987.5013186093752,2.0287436543052118
3245/133,1.8954093705632107,228596.9063,172158.0781,986.882275640625,1.907501280356382
3245/133,1.8332967345006679,228596.9063,172158.0781,986.2632326718751,1.5314033167369154
3245/133,1.7145297365515761,228596.9063,172158.0781,985.6441897031251,1.27061321829362
3245/133,0.8419599305884116,228596.9063,172158.0781,985.0251467343751,1.1920052668666559
3245/133,0.7648083293895458,228596.9063,172158.0781,984.4061037656252,1.1674056876972165
3245/133,0.5568764789398389,228596.9063,172158.0781,983.7870607968752,1.369078937118707
3245/133,1.3778826313298063,228596.9063,172158.0781,983.1680178281251,1.5531914992372564
3245/133,2.591042435715252,228596.9063,172158.0781,982.5489748593752,1.3876615570643365
3245/133,3.19,228596.9063,172158.0781,982.2087111875001,1.2703394419140728
3245/134,1.7434377662091287,228746.7188,172206.7188,999.375483515625,1.5861077224863611
3245/134,2.607570279223899,228746.7188,172206.7188,998.756440546875,1.423188624641698
3245/134,1.4072099700268408,228746.7188,172206.7188,998.137397578125,1.5835295210495328
3245/134,1.0445357311879035,228746.7188,172206.7188,997.518354609375,2.197112331704303
3245/134,0.68,228746.7188,172206.7188,996.899311640625,2.622770918056232
3245/134,7.289580690960121,228746.7188,172206.7188,996.2802686718751,1.4932020400093817
3245/134,4.342592522480746,228746.7188,172206.7188,995.661225703125,1.5653349529737373
3245/134,0.5970528474522169,228746.7188,172206.7188,995.042182734375,1.9702523123669544
3245/134,0.6403896513646157,228746.7188,172206.7188,994.423139765625,1.097063694041946
3245/134,0.21,228746.7188,172206.7188,993.804096796875,0.7726010106440682
3245/134,0.3274816217068761,228746.7188,172206.7188,993.1850538281251,0.8111684692385783
3245/134,0.45120082031864384,228746.7188,172206.7188,992.5660108593751,0.945499728160407
3245/134,1.03912920018918,228746.7188,172206.7188,991.946967890625,0.8146763983489669
3245/134,1.6,228746.7188,172206.7188,991.3279249218751,0.736638111117746
3245/135,16.75,228598.0781,172206.75,998.725512515625,4.231989596487173
3245/135,14.515455119104047,228598.0781,172206.75,998.106469546875,4.376468639791769
3245/135,10.054978703265931,228598.0781,172206.75,997.487426578125,4.447313160182599
3245/135,1.4493342798548114,228598.0781,172206.75,996.8683836093751,4.651744177402282
3245/135,3.1838144817794216,228598.0781,172206.75,996.249340640625,3.0030006123230732
3245/135,3.92,228598.0781,172206.75,995.630297671875,2.32973554696924
3245/135,4.010995425145914,228598.0781,172206.75,995.011254703125,2.637622002681123
3245/135,3.657204606404841,228598.0781,172206.75,994.392211734375,2.465410887992935
3245/135,3.13,228598.0781,172206.75,993.7731687656251,1.7443657856060102
3245/135,1.783162328443249,228598.0781,172206.75,993.1541257968751,1.3073916268958707
3245/135,0.22,228598.0781,172206.75,992.535082828125,1.1888246374294127
3245/135,0.22999148130619868,228598.0781,172206.75,991.9160398593751,0.8990900120212368
3245/135,0.32398801072723055,228598.0781,172206.75,991.296996890625,1.0998892327584202
3245/135,0.9969206499440854,228598.0781,172206.75,990.6779539218751,1.322176313332799
3245/135,4.4158258400384005,228598.0781,172206.75,990.0589109531251,0.9900708233568452
3245/135,2.24,228598.0781,172206.75,989.592211734375,1.3054570578399889
3245/137,3.94,228896.1406,172107.5781,1069.6354245156251,21.67472122226587
3245/137,18.05420097807211,228896.1406,172107.5781,1069.016381546875,14.751821468616223
3245/137,28.942502602934084,228896.1406,172107.5781,1068.397338578125,13.98787134681728
3245/137,32.18,228896.1406,172107.5781,1067.7782956093752,15.987277568311821
3245/137,18.195154756271922,228896.1406,172107.5781,1067.159252640625,13.08618614254567
3245/137,7.65,228896.1406,172107.5781,1066.5402096718751,9.25099318335732
3245/137,4.3907221959302385,228896.1406,172107.5781,1065.9211667031252,5.651866466809706
3245/137,2.4540463795551988,228896.1406,172107.5781,1065.302123734375,4.191276143261226
3245/137,1.74,228896.1406,172107.5781,1064.6830807656252,3.978475757001924
3245/137,2.5828774254611853,228896.1406,172107.5781,1064.064037796875,3.939896849993044
3245/137,4.48,228896.1406,172107.5781,1063.4449948281251,3.613856029601905
3245/137,5.973801545985424,228896.1406,172107.5781,1062.8259518593752,3.4936938643104813
3245/137,2.71,228896.1406,172107.5781,1062.206908890625,3.5670226340765208
3245/137,1.9950859757061477,228896.1406,172107.5781,1061.5878659218752,2.8751594537262504
3245/137,1.1376857548509147,228896.1406,172107.5781,1060.9688229531253,3.1467402436166863
3245/137,1.17,228896.1406,172107.5781,1060.4921237343751,3.1780105588197207
3245/138,0.71,228547.0938,172157.4375,995.698535515625,1.0197289800449307
3245/138,0.5233629910080458,228547.0938,172157.4375,995.079492546875,1.075024516230103
3245/138,1.6843189777567287,228547.0938,172157.4375,994.460449578125,0.8464765372994569
3245/138,0.8184745227953985,228547.0938,172157.4375,993.8414066093751,0.9919367601061395
3245/138,0.9044612714939254,228547.0938,172157.4375,993.222363640625,0.9674860652808952
3245/138,0.66,228547.0938,172157.4375,992.603320671875,0.7977948654488378
3245/138,0.5427316611453036,228547.0938,172157.4375,991.984277703125,0.7902011502486967
3245/138,0.48,228547.0938,172157.4375,991.365234734375,0.7621321748111327
3245/138,0.6678340432244657,228547.0938,172157.4375,990.7461917656251,0.7235116328101994
3245/138,0.68,228547.0938,172157.4375,990.222363640625,0.7307881995541472
3245/140,0.7295052847452227,228497.2813,172157.4063,1005.3485005156249,1.1133375951729456
3245/140,1.05,228497.2813,172157.4063,1004.8785005156249,0.9236646889410876
3245/141,17.35,228895.8281,172157.0469,1048.710463515625,7.413172818521952
3245/141,9.698193090392833,228895.8281,172157.0469,1048.091420546875,8.572156778792012
3245/141,7.428812430982828,228895.8281,172157.0469,1047.4723775781251,9.017664549785126
3245/141,9.923005836882625,228895.8281,172157.0469,1046.853334609375,7.899640488772233
3245/141,14.05,228895.8281,172157.0469,1046.234291640625,7.810549756677512
3245/141,12.01756396908039,228895.8281,172157.0469,1045.6152486718752,9.4224897615471
3245/141,12.947389493610745,228895.8281,172157.0469,1044.996205703125,10.545989991074897
3245/141,15.95,228895.8281,172157.0469,1044.3771627343751,9.899895600568591
3245/141,18.918699479412762,228895.8281,172157.0469,1043.758119765625,6.069644818492953
3245/141,12.510302571385314,228895.8281,172157.0469,1043.139076796875,3.912513203385097
3245/141,1.13,228895.8281,172157.0469,1042.5200338281252,3.5220660370302843
3245/141,0.9275983593627123,228895.8281,172157.0469,1041.900990859375,1.9043150920027112
3245/141,0.7965480359678121,228895.8281,172157.0469,1041.2819478906251,1.0765669007690537
3245/141,0.85,228895.8281,172157.0469,1040.6629049218752,1.0576047231413592
3245/141,0.9532418362517407,228895.8281,172157.0469,1040.043861953125,1.121446123300374
3245/141,1.1,228895.8281,172157.0469,1039.4248189843752,1.2149782092747197
3245/141,1.3577687332386446,228895.8281,172157.0469,1038.805776015625,1.2801502499824928
3245/141,1.3649357942893172,228895.8281,172157.0469,1038.1867330468751,1.376507875224298
3245/141,1.38,228895.8281,172157.0469,1037.5676900781252,1.3794280045415692
3245/141,1.38,228895.8281,172157.0469,1037.1240767968752,1.3841417473329334
3245/142,32.91,228901.2969,172206.0156,1030.115527515625,7.1122914351431135
3245/142,21.3026739233322,228901.2969,172206.0156,1029.4964845468749,7.679893765162383
3245/142,3.1828332544564186,228901.2969,172206.0156,1028.877441578125,11.007992260658538
3245/142,10.28,228901.2969,172206.0156,1028.258398609375,5.368020570341871
3245/142,9.19410317084745,228901.2969,172206.0156,1027.639355640625,3.9279975334228707
3245/142,3.22,228901.2969,172206.0156,1027.020312671875,5.167551095088555
3245/142,4.093047799337346,228901.2969,172206.0156,1026.401269703125,4.701977049010374
3245/142,4.646696639848213,228901.2969,172206.0156,1025.782226734375,4.608617982711853
3245/142,9.04,228901.2969,172206.0156,1025.163183765625,4.914704469919931
3245/142,9.221495504022664,228901.2969,172206.0156,1024.544140796875,5.080788350018485
3245/142,9.319469316927417,228901.2969,172206.0156,1023.925097828125,4.643178971156311
3245/142,4.76,228901.2969,172206.0156,1023.306054859375,4.540531930245368
3245/142,3.0981779460484775,228901.2969,172206.0156,1022.6870118906251,4.170072507127763
3245/142,4.201461113740163,228901.2969,172206.0156,1022.067968921875,3.2125651488781575
3245/142,4.022356838618139,228901.2969,172206.0156,1021.448925953125,2.2544218181103157
3245/142,3.6034926644586007,228901.2969,172206.0156,1020.829882984375,1.9292624675381314
3245/142,0.63,228901.2969,172206.0156,1020.2108400156251,2.3508008374018132
3245/142,1.3790834516482384,228901.2969,172206.0156,1019.5917970468751,1.7505878935167134
3245/142,2.33,228901.2969,172206.0156,1018.972754078125,1.3488117467028484
3245/142,1.8950039438398265,228901.2969,172206.0156,1018.353711109375,1.9860801974532745
3245/142,1.826905821107078,228901.2969,172206.0156,1017.7346681406251,2.4733710108954257
3245/142,3.54,228901.2969,172206.0156,1017.1156251718751,2.799893428302097
3245/142,3.791156964820897,228901.2969,172206.0156,1016.4965822031251,3.6137436916491934
3245/142,7.72264268811942,228901.2969,172206.0156,1015.877539234375,3.315676531451947
3245/142,6.553658305728106,228901.2969,172206.0156,1015.2584962656251,2.8960854432702714
3245/142,2.57523205552993,228901.2969,172206.0156,1014.6394532968751,2.5299598665850063
3245/142,1.511366461587338,228901.2969,172206.0156,1014.0204103281251,1.6052687182930918
3245/142,0.5975321028553902,228901.2969,172206.0156,1013.4013673593751,1.792158466532292
3245/142,0.43,228901.2969,172206.0156,1012.7823243906251,1.8473163130629633
3245/143,1.19,228548.3125,172207.75,998.8534425156251,2.2610152340905985
3245/143,3.759361097964919,228548.3125,172207.75,998.2343995468751,1.7437972070831425
3245/143,3.3637737813535318,228548.3125,172207.75,997.6153565781251,1.7609158722874994
3245/143,1.0476084555924607,228548.3125,172207.75,996.9963136093752,1.9086364762350625
3245/143,0.862820634169366,228548.3125,172207.75,996.377270640625,1.2460433104593833
3245/143,0.6419227007415108,228548.3125,172207.75,995.7582276718751,0.7546388229565857
3245/143,0.30804480201926104,228548.3125,172207.75,995.1391847031251,0.7260418481849706
3245/143,0.12752421517588783,228548.3125,172207.75,994.5201417343751,0.9318041089074016
3245/143,0.4075033917020412,228548.3125,172207.75,993.9010987656252,1.0136835040470333
3245/143,1.9154093705632107,228548.3125,172207.75,993.2820557968752,1.0305480238599762
3245/143,1.68,228548.3125,172207.75,992.6630128281251,1.488336933265039
3245/143,2.3549872219592234,228548.3125,172207.75,992.0439698593752,1.664993700122718
3245/143,2.4236867013724503,228548.3125,172207.75,991.4249268906251,1.3623954411592085
3245/143,1.8782795393597727,228548.3125,172207.75,990.8058839218752,1.2076105715104268
3245/143,0.6831102697586422,228548.3125,172207.75,990.1868409531252,1.1264636435915079
3245/143,0.3911973497395201,228548.3125,172207.75,989.5677979843751,1.1315179227553784
3245/143,0.46120302886885783,228548.3125,172207.75,988.9487550156252,1.1202083414440032
3245/143,1.85,228548.3125,172207.75,988.4260987656252,0.8326918467181894
3245/144,7.54,228901.2969,172206.0156,1048.555527515625,5.996990791161771
3245/144,7.992635431456057,228901.2969,172206.0156,1047.936484546875,5.815098939194493
3245/144,6.772748698532946,228901.2969,172206.0156,1047.317441578125,5.830164826172813
3245/144,3.7815986748699384,228901.2969,172206.0156,1046.6983986093749,4.781300255683577
3245/144,2.163104590629461,228901.2969,172206.0156,1046.079355640625,4.067052774559861
3245/144,1.48,228901.2969,172206.0156,1045.460312671875,3.5367603440220092
3245/144,2.0136829152862763,228901.2969,172206.0156,1044.841269703125,2.4990102515345156
3245/144,2.32,228901.2969,172206.0156,1044.222226734375,1.8990293927819457
3245/144,0.6976232844298378,228901.2969,172206.0156,1043.603183765625,1.8935854873210527
3245/144,0.47206972708628353,228901.2969,172206.0156,1042.984140796875,1.832132227380975
3245/144,0.53,228901.2969,172206.0156,1042.5548341562499,1.8379927618652356
3245/145,25.537132670768493,228721.7031,172056.8906,1006.525463515625,21.392696317531726
3245/145,35.68903738760051,228721.7031,172056.8906,1005.9064205468751,19.575081347676647
3245/145,41.31,228721.7031,172056.8906,1005.2873775781251,18.44164211657609
3245/145,20.726307935006446,228721.7031,172056.8906,1004.668334609375,18.624473808016393
3245/145,4.804743019404259,228721.7031,172056.8906,1004.0492916406251,20.278830061316405
3245/145,16.4595504022712,228721.7031,172056.8906,1003.430248671875,12.015645205042167
3245/145,14.477311878845686,228721.7031,172056.8906,1002.8112057031251,9.777159694524272
3245/145,9.524262501972295,228721.7031,172056.8906,1002.1921627343751,10.983549279899965
3245/145,5.709946363779727,228721.7031,172056.8906,1001.573119765625,9.736115261818188
3245/145,6.05,228721.7031,172056.8906,1000.9540767968751,7.583978313632565
3245/145,5.222986275437828,228721.7031,172056.8906,1000.3350338281251,7.257288841766375
3245/145,4.109384761003452,228721.7031,172056.8906,999.7159908593751,7.888563171153123
3245/145,6.554092128095378,228721.7031,172056.8906,999.0969478906252,6.4292033893262115
3245/145,6.940408581796206,228721.7031,172056.8906,998.477904921875,5.284245091752997
3245/145,3.2679656097174035,228721.7031,172056.8906,997.8588619531251,5.9544599288684585
3245/145,1.875439974759404,228721.7031,172056.8906,997.2398189843751,5.93336534885635
3245/145,3.99,228721.7031,172056.8906,996.6207760156251,3.58333804898907
3245/145,4.099687963401607,228721.7031,172056.8906,996.0017330468752,3.8463884984775074
3245/145,0.9694500709891759,228721.7031,172056.8906,995.3826900781252,6.26681837390423
3245/145,6.154141031706536,228721.7031,172056.8906,994.7636471093751,5.13433151358866
3245/145,8.47232781195853,228721.7031,172056.8906,994.1446041406252,5.5025796094005
3245/145,8.043850765104322,228721.7031,172056.8906,993.5255611718751,7.974220085865291
3245/145,8.090957564286175,228721.7031,172056.8906,992.9065182031252,9.177269100488768
3245/145,9.34548982489047,228721.7031,172056.8906,992.2874752343752,8.078296927988676
3245/145,14.31833349109009,228721.7031,172056.8906,991.6684322656251,7.797121767681185
3245/145,5.236605773779597,228721.7031,172056.8906,991.0493892968752,8.118409049090396
3245/145,10.57301782615722,228721.7031,172056.8906,990.4303463281252,6.303344977529942
3245/145,3.44,228721.7031,172056.8906,989.8113033593752,6.64587632630574
3245/145,5.714849976335881,228721.7031,172056.8906,989.1922603906253,5.534731908917202
3245/145,4.819152863228951,228721.7031,172056.8906,988.5732174218751,4.704303504849871
3245/145,2.984827259819962,228721.7031,172056.8906,987.9541744531252,5.010488355083468
3245/145,3.3863574696325793,228721.7031,172056.8906,987.3351314843752,4.213834462570213
3245/145,2.95,228721.7031,172056.8906,986.7160885156252,4.272864557669342
3245/145,2.9500000000000006,228721.7031,172056.8906,986.3807760156251,4.270952715366615
3245/146,37.88,228897.8594,172256.0469,1033.780444515625,16.93976989863023
3245/146,37.830001577535896,228897.8594,172256.0469,1033.161401546875,16.87927002663039
3245/146,34.60009938476112,228897.8594,172256.0469,1032.542358578125,16.50816238508196
3245/146,10.90459536204533,228897.8594,172256.0469,1031.923315609375,14.599449322686096
3245/146,7.086904559078725,228897.8594,172256.0469,1031.304272640625,9.411277378721376
3245/146,7.0,228897.8594,172256.0469,1030.685229671875,5.425966486039902
3245/146,3.2194084240418985,228897.8594,172256.0469,1030.0661867031251,4.772053833077604
3245/146,2.5538201609086424,228897.8594,172256.0469,1029.447143734375,4.07300071517071
3245/146,2.7725032339485587,228897.8594,172256.0469,1028.828100765625,3.011590476774102
3245/146,2.796786559394289,228897.8594,172256.0469,1028.209057796875,2.4692304439153414
3245/146,2.12,228897.8594,172256.0469,1027.590014828125,2.295976975857723
3245/146,1.5385328916233718,228897.8594,172256.0469,1026.9709718593751,2.0732761928739833
3245/146,1.3038365672818932,228897.8594,172256.0469,1026.351928890625,1.8782445181734908
3245/146,1.38,228897.8594,172256.0469,1025.732885921875,1.654294491227243
3245/146,1.554431298311997,228897.8594,172256.0469,1025.1138429531252,1.3940444930222182
3245/146,1.0755797444393258,228897.8594,172256.0469,1024.494799984375,1.4948883859396225
3245/146,0.64,228897.8594,172256.0469,1024.13762225,1.6645848635866471
3245/148,1.6,228498.1563,172208.1406,1023.078417515625,3.4777520571472165
3245/148,2.794708313614127,228498.1563,172208.1406,1022.459374546875,3.150597393466575
3245/148,2.7326146079823728,228498.1563,172208.1406,1021.840331578125,3.291353963730036
3245/148,4.824577378135149,228498.1563,172208.1406,1021.2212886093749,4.175974619287361
3245/148,9.860776147657369,228498.1563,172208.1406,1020.602245640625,4.403844133048996
3245/148,9.7,228498.1563,172208.1406,1019.983202671875,4.9100570259879825
3245/148,7.38125414103185,228498.1563,172208.1406,1019.364159703125,5.457898038869585
3245/148,4.6622669190727875,228498.1563,172208.1406,1018.745116734375,4.727943072684928
3245/148,6.570313929641328,228498.1563,172208.1406,1018.126073765625,3.3290281460449673
3245/148,2.917325130147246,228498.1563,172208.1406,1017.507030796875,2.792847194963785
3245/148,2.36,228498.1563,172208.1406,1016.887987828125,2.3049925524719335
3245/148,1.209963716674702,228498.1563,172208.1406,1016.268944859375,1.982965896175179
3245/148,1.4918211074301013,228498.1563,172208.1406,1015.6499018906251,1.881944674957746
3245/148,1.73,228498.1563,172208.1406,1015.054159703125,1.8163427249093496
3245/149,11.88,228791.5156,172205.625,1015.9004395156251,3.015551747204766
3245/149,7.952251143713679,228791.5156,172205.625,1015.281396546875,3.3004225758553165
3245/149,3.44,228791.5156,172205.625,1014.662353578125,3.801603282651369
3245/149,2.241533364884098,228791.5156,172205.625,1014.043310609375,2.9415667862319714
3245/149,2.053071462375762,228791.5156,172205.625,1013.4242676406251,2.3771529560777935
3245/149,2.18,228791.5156,172205.625,1012.8052246718751,2.255678098693479
3245/149,2.4669805963085385,228791.5156,172205.625,1012.186181703125,2.2049984416812882
3245/149,2.56209654519643,228791.5156,172205.625,1011.567138734375,2.3826689438553967
3245/149,2.26,228791.5156,172205.625,1010.9480957656251,2.8484021924955267
3245/149,3.1274869853286655,228791.5156,172205.625,1010.3290527968751,2.736695128810111
3245/149,4.55954850922882,228791.5156,172205.625,1009.7100098281251,2.5456641985251345
3245/149,2.7573166114529206,228791.5156,172205.625,1009.090966859375,2.905635890646209
3245/149,2.67,228791.5156,172205.625,1008.4719238906251,3.3076726219964803
3245/149,2.56931850449599,228791.5156,172205.625,1007.8528809218751,3.914632981213413
3245/149,5.914590629435849,228791.5156,172205.625,1007.2338379531251,3.8965225053336425
3245/149,9.801377188831637,228791.5156,172205.625,1006.6147949843751,3.7742384986110826
3245/149,6.05,228791.5156,172205.625,1005.9957520156252,4.078622826116906
3245/149,3.743662091813264,228791.5156,172205.625,1005.3767090468751,3.768059059864644
3245/149,2.3104751538096564,228791.5156,172205.625,1004.7576660781251,2.9255306566832426
3245/149,2.5637737813537553,228791.5156,172205.625,1004.1386231093752,2.2570513549024223
3245/149,1.7334453383813786,228791.5156,172205.625,1003.5195801406251,2.1424505288298095
3245/149,2.01,228791.5156,172205.625,1002.9005371718752,2.057900987370677
3245/149,2.01,228791.5156,172205.625,1002.4254883437501,2.048313249543404
3245/150,7.64,228448.375,172209.0156,1037.266455515625,11.6413863458601
3245/150,8.569626123993983,228448.375,172209.0156,1036.6474125468749,11.461840032433352
3245/150,22.75,228448.375,172209.0156,1036.028369578125,9.392808904504786
3245/150,19.180459062944006,228448.375,172209.0156,1035.409326609375,8.095998197234069
3245/150,12.262748067518935,228448.375,172209.0156,1034.790283640625,6.7069703984700455
3245/150,3.16,228448.375,172209.0156,1034.171240671875,4.972419621720715
3245/150,2.4288657516959957,228448.375,172209.0156,1033.5521977031249,3.3204154462218103
3245/150,1.323158226849561,228448.375,172209.0156,1032.933154734375,2.6207901868507233
3245/150,2.44,228448.375,172209.0156,1032.314111765625,2.425735888885087
3245/150,2.44,228448.375,172209.0156,1031.695068796875,2.866826581622123
3245/150,3.974589051900689,228448.375,172209.0156,1031.076025828125,3.448646217721473
3245/150,4.966720302886828,228448.375,172209.0156,1030.4569828593749,3.8441496343661825
3245/150,5.32,228448.375,172209.0156,1029.837939890625,4.172446368918236
3245/150,4.981344060577428,228448.375,172209.0156,1029.218896921875,3.3743432232448773
3245/150,3.843407477520662,228448.375,172209.0156,1028.599853953125,2.7249422613064462
3245/150,1.26,228448.375,172209.0156,1027.980810984375,2.6185387621954357
3245/150,1.406426881211504,228448.375,172209.0156,1027.361768015625,2.4921120879569236
3245/150,1.54,228448.375,172209.0156,1026.989111765625,2.4396011959242974
3245/151,2.14,228621.6875,172056.2813,990.985522515625,7.182035257655464
3245/151,6.988982489351565,228621.6875,172056.2813,990.366479546875,5.825843389389744
3245/151,5.209753904401366,228621.6875,172056.2813,989.747436578125,6.197980284936341
3245/151,3.5730780880265622,228621.6875,172056.2813,989.128393609375,8.105677845225431
3245/151,7.259810695693151,228621.6875,172056.2813,988.5093506406249,7.270686740619297
3245/151,8.782112005048099,228621.6875,172056.2813,987.890307671875,6.181921684214306
3245/151,8.01796655623928,228621.6875,172056.2813,987.271264703125,5.1648869277992935
3245/151,3.126218330967306,228621.6875,172056.2813,986.652221734375,5.67429401554146
3245/151,1.43,228621.6875,172056.2813,986.213872125,6.236488618846167
3245/152,22.81916706105061,228646.9219,172130.5625,993.755468515625,2.898755093352367
3245/152,6.766616816532651,228646.9219,172130.5625,993.136425546875,3.27259298678724
3245/152,1.4012367881369345,228646.9219,172130.5625,992.5173825781251,3.8652169558008707
3245/152,1.9478409843823978,228646.9219,172130.5625,991.8983396093751,2.3143273481454933
3245/152,1.8047720460640484,228646.9219,172130.5625,991.279296640625,1.8079584115403424
3245/152,2.3134831992427394,228646.9219,172130.5625,990.6602536718751,1.888963518212262
3245/152,1.6494204133144366,228646.9219,172130.5625,990.041210703125,2.6933966057377194
3245/152,2.032692853762424,228646.9219,172130.5625,989.4221677343751,3.3047057374827977
3245/152,7.977132039753385,228646.9219,172130.5625,988.8031247656251,2.590200142817257
3245/152,5.875011831519726,228646.9219,172130.5625,988.184081796875,3.3331115670444014
3245/152,1.6834737340275752,228646.9219,172130.5625,987.5650388281251,4.272955487263902
3245/152,3.819065467739452,228646.9219,172130.5625,986.9459958593751,3.063620492027087
3245/152,2.210373876005628,228646.9219,172130.5625,986.3269528906251,2.867869063986952
3245/152,2.72099384760999,228646.9219,172130.5625,985.7079099218752,2.3321103711472824
3245/152,2.8823057264555154,228646.9219,172130.5625,985.088866953125,1.6321341078892448
3245/152,0.743192932639363,228646.9219,172130.5625,984.4698239843751,1.8865180069789727
3245/152,0.7826168165324935,228646.9219,172130.5625,983.8507810156251,1.6933196346394097
3245/152,1.5475911026973517,228646.9219,172130.5625,983.2317380468751,1.5952396140100977
3245/152,1.6819687647895842,228646.9219,172130.5625,982.6126950781252,1.5890362551223705
3245/153,7.724358416154525,228646.8438,172080.4844,995.755502515625,5.081460574976061
3245/153,18.590370720934057,228646.8438,172080.4844,995.136459546875,4.161090741848228
3245/153,1.49,228646.8438,172080.4844,994.517416578125,6.1230259785308885
3245/153,1.496561287269285,228646.8438,172080.4844,993.8983736093751,4.488307287310373
3245/153,1.5544082662880383,228646.8438,172080.4844,993.2793306406251,2.900354011121836
3245/153,2.11,228646.8438,172080.4844,992.660287671875,2.6750062671974195
3245/153,2.6222609244360084,228646.8438,172080.4844,992.0412447031251,2.4438229317116096
3245/153,2.1112863227638954,228646.8438,172080.4844,991.422201734375,2.479209849450617
3245/153,1.26,228646.8438,172080.4844,990.8031587656251,2.7108651517613986
3245/153,1.3456854393437372,228646.8438,172080.4844,990.1841157968751,2.698805919264482
3245/153,1.7208364095282822,228646.8438,172080.4844,989.565072828125,2.7739847053895184
3245/153,2.097100804543239,228646.8438,172080.4844,988.9460298593751,3.375567817576375
3245/153,2.66,228646.8438,172080.4844,988.3269868906251,3.8611044203535583
3245/153,3.376059315349326,228646.8438,172080.4844,987.7079439218751,3.8975545878609106
3245/153,3.2978040700426297,228646.8438,172080.4844,987.0889009531252,3.995744226890574
3245/153,2.5131913551034333,228646.8438,172080.4844,986.469857984375,4.488966995633275
3245/153,2.225664931377203,228646.8438,172080.4844,985.8508150156251,5.089099788571259
3245/153,6.128237576904022,228646.8438,172080.4844,985.2317720468751,4.943693889966977
3245/153,8.688763842877458,228646.8438,172080.4844,984.6127290781251,5.690037758181838
3245/153,8.591096702949946,228646.8438,172080.4844,983.9936861093752,7.584493615396557
3245/153,8.83,228646.8438,172080.4844,983.3746431406252,8.309266571582764
3245/153,12.019181258873063,228646.8438,172080.4844,982.7556001718751,6.645840772239918
3245/153,10.104377662093784,228646.8438,172080.4844,982.1365572031252,6.326161572303078
3245/153,3.269422621864009,228646.8438,172080.4844,981.5175142343751,6.66240334122196
3245/153,5.9,228646.8438,172080.4844,980.8984712656252,4.790940180890792
3245/153,3.9251850449602963,228646.8438,172080.4844,980.2794282968752,4.3079425993107385
3245/153,3.322723142451548,228646.8438,172080.4844,979.6603853281251,4.521516421285461
3245/153,3.15,228646.8438,172080.4844,979.0413423593752,4.1966430973145075
3245/153,3.908011673765373,228646.8438,172080.4844,978.4222993906252,3.89625068419166
3245/153,3.588309512541627,228646.8438,172080.4844,977.8032564218752,3.5971861176377233
3245/153,3.13,228646.8438,172080.4844,977.1842134531253,3.318523734265174
3245/153,1.6030260293426648,228646.8438,172080.4844,976.5651704843751,3.1645466084893386
3245/153,1.3569559867486383,228646.8438,172080.4844,975.9461275156252,3.2291101246954694
3245/153,1.52,228646.8438,172080.4844,975.3270845468752,3.3546124353659854
3245/153,3.216886890675917,228646.8438,172080.4844,974.7080415781252,3.310309724024062
3245/153,4.31,228646.8438,172080.4844,974.0889986093753,4.179876445008654
3245/153,4.508561287269222,228646.8438,172080.4844,973.4699556406252,5.4434830621723735
3245/153,7.13221296734412,228646.8438,172080.4844,972.8509126718752,5.078894705724364
3245/153,7.390000000000001,228646.8438,172080.4844,972.4732075937502,5.061989224824515
